股票代號,股票名稱,市場,產業,收盤價,總市值(億),市值比重(%),本益比(近四季),股價淨值比,週轉率(%),季報酬率(%),年報酬率(%),與大盤比年報酬(%),殖利率(%),近20日法人買賣超,外資持股率(%),法人持股率(%),連續配息年數,最新年度現金股利,股利發放率(%),最近除息日,同學會瀏覽次數,同學會瀏覽人數,今年新高,今年新低,今年以來(%),距年線乖離(%),買點分位(%),創歷史新高
00919,群益台灣精選高息,ETF,ETF/其他,22.4,4141.2,,,,0.32,7.9,7.3,-18.5,11.25,486578,0.91,,3.0,2.52,,20251216,1615613,78244,,,,,,
0050,元大台灣50,ETF,ETF/其他,65.6,10146.4,,,,0.46,13.5,36.9,11.1,5.64,52849,4.15,,21.0,1.36,,20260122,1530967,117758,,,,,,
00715L,期街口S&P布蘭特油正2,ETF,ETF/其他,19.79,98.2,,,,2.07,-12.7,-28.1,-53.9,,119781,7.0,,-9.0,,,,1276568,21820,,,,,,
0056,元大高股息,ETF,ETF/其他,36.73,5212.7,,,,0.21,2.2,12.0,-13.8,10.89,-147930,0.3,,15.0,3.67,,20260122,1120368,69258,,,,,,
00878,國泰永續高股息,ETF,ETF/其他,21.71,4590.2,,,,0.2,3.6,6.3,-19.4,9.72,346922,0.64,,6.0,1.69,,20260226,1100892,71361,,,,,,
00712,復華富時不動產,ETF,ETF/其他,9.12,430.4,,,,0.21,6.9,7.3,-18.5,8.7,132939,0.13,,9.0,0.79,,20251217,944889,28655,,,,,,
00679B,元大美債20年,ETF,ETF/其他,27.24,2379.1,,,,0.29,2.4,-0.6,-26.4,4.85,139733,2.82,,9.0,1.16,,20260226,796276,40344,,,,,,
00687B,國泰20年美債,ETF,ETF/其他,28.3,1932.1,,,,0.4,2.4,-0.7,-26.4,4.38,138082,2.68,,9.0,1.24,,20251216,778534,36389,,,,,,
00937B,群益ESG投等債20+,ETF,ETF/其他,15.08,2677.0,,,,0.22,2.0,1.5,-24.2,6.6,95322,0.53,,2.0,0.9,,20260120,690475,30417,,,,,,
00929,復華台灣科技優息,ETF,ETF/其他,18.07,1326.5,,,,0.38,-1.4,4.9,-20.8,9.57,118043,0.75,,3.0,0.88,,20260120,676949,42938,,,,,,
00680L,元大美債20正2,ETF,ETF/其他,7.26,223.9,,,,0.34,-2.8,-4.8,-30.6,,111888,0.66,,-9.0,,,,362943,21693,,,,,,
00713,元大台灣高息低波,ETF,ETF/其他,50.55,1311.5,,,,0.35,-0.3,2.8,-22.9,8.03,81505,0.41,,8.0,4.06,,20251219,355546,31100,,,,,,
00918,大華優利高填息30,ETF,ETF/其他,22.61,846.5,,,,0.4,3.3,9.5,-16.2,10.99,-156541,0.94,,3.0,2.48,,20251218,324595,24815,,,,,,
00632R,元大台灣50反1,ETF,ETF/其他,16.46,284.1,,,,1.7,-10.8,-28.1,-53.9,,-15890,1.06,,-12.0,,,,319155,28264,,,,,,
00981A,主動統一台股增長,ETF,ETF/其他,16.91,500.2,,,,3.01,24.5,,0.0,,-456428,1.02,,-1.0,,,,270509,22017,,,,,,
00940,元大台灣價值高息,ETF,ETF/其他,9.26,1005.4,,,,0.23,-0.5,3.1,-22.6,3.35,148883,0.27,,2.0,0.44,,20260108,265461,36641,,,,,,
00953B,群益優選非投等債,ETF,ETF/其他,9.74,399.3,,,,0.65,4.0,2.3,-23.4,2.16,-30974,0.71,,2.0,0.78,,20260106,252398,13802,,,,,,
006208,富邦台50,ETF,ETF/其他,150.1,2884.2,,,,0.57,14.1,35.9,10.2,2.96,11703,1.42,,14.0,4.44,,20251118,245144,31480,,,,,,
00665L,富邦恒生國企正2,ETF,ETF/其他,10.71,56.6,,,,3.63,-11.9,27.3,1.6,,-61818,1.29,,-10.0,,,,217454,7237,,,,,,
00882,中信中國高股息,ETF,ETF/其他,15.16,357.0,,,,0.33,8.9,25.4,-0.4,6.13,-26380,0.12,,5.0,1.0,,20260119,204466,14260,,,,,,
00753L,中信中國50正2,ETF,ETF/其他,12.12,92.5,,,,1.72,-14.2,38.4,12.6,,-43859,2.32,,-8.0,,,,182156,10267,,,,,,
00909,國泰數位支付服務,ETF,ETF/其他,38.86,87.3,,,,1.86,-9.6,21.2,-4.6,4.66,-16150,1.61,,-1.0,,,,181372,15677,,,,,,
00637L,元大滬深300正2,ETF,ETF/其他,20.47,220.5,,,,3.93,4.3,20.9,-4.8,,60608,0.45,,-11.0,,,,169767,8515,,,,,,
00757,統一FANG+,ETF,ETF/其他,118.15,432.4,,,,0.34,0.9,13.1,-12.7,,-509,2.27,,-8.0,,,,163355,21189,,,,,,
0052,富邦科技,ETF,ETF/其他,37.89,611.9,,,,3.85,15.8,39.2,13.5,8.52,-241881,2.68,,10.0,3.23,,20250423,156335,24774,,,,,,
00631L,元大台灣50正2,ETF,ETF/其他,362.9,412.2,,,,2.83,22.3,51.0,25.3,,3374,1.75,,-12.0,,,,154809,18408,,,,,,
00922,國泰台灣領袖50,ETF,ETF/其他,25.9,428.8,,,,1.0,11.1,28.7,3.0,7.26,41025,11.07,,3.0,1.88,,20251020,147304,15139,,,,,,
00915,凱基優選高股息30,ETF,ETF/其他,22.81,237.1,,,,0.27,1.8,-1.6,-27.4,5.92,53668,0.37,,3.0,1.35,,20251216,145803,15831,,,,,,
00982A,主動群益台灣強棒,ETF,ETF/其他,14.61,286.6,,,,2.61,16.0,,0.0,,74415,2.19,,1.0,0.95,,20260226,142040,12825,,,,,,
00830,國泰費城半導體,ETF,ETF/其他,57.85,272.5,,,,0.69,16.2,36.0,10.3,6.85,36373,3.43,,6.0,9.0,,20260120,133680,14891,,,,,,
009805,新光美國電力基建,ETF,ETF/其他,12.41,44.2,,,,2.29,4.5,,0.0,,-24671,0.21,,-1.0,,,,121198,9307,,,,,,
00881,國泰台灣科技龍頭,ETF,ETF/其他,32.62,722.3,,,,0.55,12.9,37.8,12.1,5.36,30048,1.72,,5.0,3.2,,20260120,116519,13876,,,,,,
00708L,期元大S&P黃金正2,ETF,ETF/其他,90.55,81.1,,,,6.41,21.1,133.9,108.1,,5115,1.2,,-9.0,,,,114380,14454,,,,,,
00900,富邦特選高股息30,ETF,ETF/其他,13.76,361.2,,,,0.39,4.8,7.9,-17.9,8.66,223978,1.31,,4.0,1.15,,20260120,113858,13027,,,,,,
5314,世紀*,個股,其他,98.1,286.5,0.396,31.5,29.2,1.46,-28.8,152.1,126.4,0.28,-486,9.09,9.33,3.0,0.2,31.74,,1627926,66554,1390.0,45.0,-83.1,-58.8,4.0,0.0
8033,雷虎,個股,其他,145.0,221.3,0.023,156.3,11.76,3.21,-2.0,107.4,81.7,0.0,-1438,1.48,4.63,-17.0,0.0,0.0,,1170137,71744,188.0,48.900001525878906,108.8,50.8,69.0,0.0
5871,中租-KY,個股,其他,105.5,1963.8,0.192,10.2,1.14,0.86,-5.4,0.1,-25.7,5.78,2671,42.74,51.99,15.0,5.8,53.38,20260729,713906,37356,130.5,94.30000305175781,-5.8,-9.1,31.0,0.0
9945,潤泰新,個股,其他,29.8,847.6,0.09,9.0,0.87,0.43,0.7,-28.0,-53.7,3.69,2748,9.7,11.66,3.0,1.1,27.99,20260707,567503,25576,43.25,28.799999237060547,-30.7,-8.9,7.0,0.0
8936,國統,個股,其他,55.4,137.4,0.186,13.7,2.13,0.29,12.8,19.1,-6.6,3.61,-2757,14.43,14.87,8.0,3.0,73.53,,382628,18452,69.30000305175781,46.900001525878906,14.8,1.0,38.0,0.0
9933,中鼎,個股,其他,30.9,276.4,0.03,95.8,1.36,0.44,-2.4,-9.1,-34.8,3.24,-8880,8.45,9.36,28.0,0.8,52.36,,293654,29622,43.04999923706055,25.200000762939453,-19.3,-5.7,32.0,0.0
5284,jpp-KY,個股,其他,281.0,148.6,0.016,27.4,4.49,1.04,-1.9,79.7,54.0,0.53,-3077,54.92,54.92,12.0,5.0,41.49,20260709,272921,21840,324.0,108.0,75.7,31.7,80.0,0.0
4541,晟田,個股,其他,41.2,27.9,0.038,25.0,1.7,0.91,-16.9,21.2,-4.6,1.82,-707,2.56,2.93,2.0,1.4,68.97,20260630,253371,26076,64.30000305175781,31.0,19.1,-8.0,31.0,0.0
2348,海悅,個股,其他,80.8,147.0,0.013,18.9,1.87,0.19,-6.4,-56.0,-81.7,11.14,-167,1.44,1.94,9.0,5.0,80.29,,204448,16425,205.5,77.0,-58.4,-29.9,3.0,0.0
9941,裕融,個股,其他,85.6,578.3,0.052,13.2,1.48,0.4,-15.7,-9.8,-35.5,5.12,-4985,5.54,10.46,26.0,4.38,59.64,,150328,11777,123.0,85.5999984741211,-15.3,-18.1,0.0,0.0
9939,宏全,個股,其他,121.0,357.9,0.038,13.7,1.97,0.15,-5.1,-14.6,-40.3,5.12,-3299,13.03,17.17,28.0,6.2,68.13,20260702,124298,9330,168.0,116.0,-18.0,-15.7,10.0,0.0
1584,精剛,個股,其他,23.2,53.9,0.073,204.1,1.13,0.23,-12.1,-17.3,-43.1,3.02,2501,4.02,4.9,5.0,0.26,58.72,20260622,121600,12682,31.5,20.850000381469727,-19.8,-9.0,22.0,0.0
4763,材料*-KY,個股,化學工業,51.9,513.3,0.055,6.8,2.88,0.86,-17.6,-40.3,-66.1,48.32,-2445,47.28,55.72,11.0,3.05,50.0,,1754765,54232,1150.0,49.150001525878906,-96.8,-88.0,0.0,0.0
4772,台特化,個股,化學工業,316.0,466.7,0.63,88.5,13.98,3.43,0.5,83.2,57.5,0.63,1722,12.4,13.45,5.0,3.0,71.43,20260707,726791,31405,344.0,157.5,81.1,25.0,85.0,0.0
1717,長興,個股,化學工業,40.9,479.4,0.051,27.2,1.73,0.33,0.6,54.1,28.3,2.93,9633,12.98,13.33,26.0,1.0,70.92,20260424,548252,31953,46.0,23.799999237060547,47.3,26.3,77.0,0.0
4714,永捷,個股,化學工業,16.8,29.9,0.04,18.2,1.29,0.46,-19.6,2.8,-23.0,1.19,-191,6.33,6.75,-1.0,0.0,0.0,,196476,13836,21.649999618530273,12.75,1.5,-4.2,46.0,0.0
4722,國精化,個股,化學工業,187.5,191.1,0.02,108.2,6.25,5.22,-2.6,312.4,286.7,0.74,515,3.89,5.51,27.0,1.18,59.2,20260630,141946,17917,214.5,43.849998474121094,294.4,84.7,84.0,0.0
1303,南亞,個股,塑膠工業,60.2,4774.3,0.507,,1.45,1.12,52.6,106.2,80.4,1.16,-56154,27.54,31.87,28.0,0.8,140.35,20260708,1481377,80190,67.69999694824219,26.649999618530273,101.3,59.6,82.0,0.0
4303,信立,個股,塑膠工業,60.4,57.1,0.077,2.9,1.7,0.79,-19.6,40.8,15.1,1.66,-207,1.97,4.35,3.0,1.0,44.84,,799421,40143,92.4000015258789,48.20000076293945,15.9,-15.9,28.0,0.0
1301,台塑,個股,塑膠工業,39.0,2482.6,0.264,,0.85,0.17,1.2,11.4,-14.3,1.28,-83685,27.03,29.6,28.0,0.5,-31.65,20260630,776766,57131,43.849998474121094,31.450000762939453,10.1,3.5,61.0,0.0
9105,泰金寶-DR,個股,存託憑證,5.72,94.7,,0.4,,0.46,-7.6,-36.9,-62.6,3.22,-6298,0.31,1.34,23.0,0.15,79.53,20260319,1410075,39655,9.819999694824219,4.860000133514404,-37.1,-11.9,17.0,0.0
5904,寶雅,個股,居家生活,439.5,467.6,0.631,15.9,6.54,0.09,-6.3,-6.4,-32.1,5.23,-132,26.17,27.18,26.0,25.5,86.32,20260716,55131,9279,530.0,432.0,-11.6,-7.6,8.0,0.0
2062,橋椿,個股,居家生活,20.55,41.1,0.004,27.8,0.56,0.08,-7.2,-33.2,-59.0,8.76,454,7.78,7.91,20.0,1.0,256.41,,49631,4676,33.45000076293945,19.25,-38.4,-18.6,9.0,0.0
2230,泰茂,個股,居家生活,91.9,62.5,0.084,146.5,5.16,0.57,-9.0,-0.3,-26.0,1.09,-371,3.66,12.48,4.0,0.61,-58.0,20260701,49127,3914,128.0,91.4000015258789,-17.8,-13.9,1.0,0.0
9934,成霖,個股,居家生活,10.05,41.3,0.004,59.0,0.72,0.07,-2.0,-23.7,-49.4,3.48,-57,14.75,14.81,3.0,0.1,-34.48,20260624,43872,4656,14.800000190734863,9.510000228881836,-26.6,-9.3,10.0,0.0
9911,櫻花,個股,居家生活,83.7,186.1,0.02,14.3,2.9,0.06,-2.2,5.7,-20.0,5.62,-224,17.85,18.25,19.0,5.0,79.74,20260401,43822,6026,92.5,82.19999694824219,0.1,-2.5,15.0,0.0
2515,中工,個股,建材營建,12.8,205.8,0.022,33.1,0.93,0.45,26.8,26.2,0.5,0.0,-34186,12.08,12.68,-2.0,0.0,125.25,,924626,41601,17.299999237060547,8.5600004196167,19.9,9.3,49.0,0.0
2542,興富發,個股,建材營建,40.2,873.6,0.093,16.7,1.79,0.13,-0.1,1.7,-24.0,4.98,15926,8.8,10.65,22.0,4.0,190.48,,917827,35976,46.75,36.150001525878906,-7.4,-2.6,38.0,0.0
2543,皇昌,個股,建材營建,60.1,320.0,0.034,18.7,3.31,0.66,-18.2,-3.3,-29.1,1.0,-1381,1.72,2.76,4.0,1.5,55.76,,517401,29918,112.0,58.400001525878906,-18.1,-23.4,3.0,0.0
1316,上曜,個股,建材營建,15.3,56.4,0.006,,1.36,0.72,0.3,2.0,-23.7,0.0,4086,5.53,5.82,-3.0,0.0,0.0,,488783,34452,19.450000762939453,12.800000190734863,2.5,3.2,38.0,0.0
3056,富華新,個股,建材營建,18.0,86.5,0.009,3.1,0.99,0.18,-9.8,-22.2,-48.0,11.11,456,3.78,4.24,15.0,0.61,57.01,,361194,17851,40.79999923706055,17.600000381469727,-45.8,-37.6,2.0,0.0
6186,新潤,個股,建材營建,56.1,109.3,0.148,5.3,2.15,0.28,-11.7,1.4,-24.4,2.71,-303,2.99,3.02,14.0,5.01,64.12,20260806,210332,11339,72.19999694824219,51.79999923706055,-12.2,-8.8,21.0,0.0
2540,愛山林,個股,建材營建,49.7,469.6,0.05,50.5,2.86,0.11,-12.5,-23.9,-49.6,2.01,203,1.88,2.09,6.0,6.0,869.57,,195352,15373,95.5999984741211,44.95000076293945,-46.3,-32.5,9.0,0.0
5534,長虹,個股,建材營建,85.6,248.5,0.026,11.6,1.26,0.16,12.2,7.0,-18.7,6.43,3998,12.73,14.26,26.0,5.5,91.67,,189893,13871,109.5,73.69999694824219,-0.3,0.9,33.0,0.0
6177,達麗,個股,建材營建,53.7,253.4,0.027,15.2,2.81,0.3,9.3,37.7,12.0,6.52,3943,6.65,8.93,5.0,3.0,78.13,,171284,14707,53.70000076293945,38.150001525878906,21.3,14.2,100.0,0.0
2537,聯上發,個股,建材營建,11.95,35.9,0.004,21.3,0.81,0.48,8.1,-2.0,-27.8,0.0,1116,3.02,3.14,-4.0,0.0,0.0,,168039,17377,15.199999809265137,9.720000267028809,-2.0,3.2,41.0,0.0
5213,亞昕,個股,建材營建,24.0,173.1,0.234,7.7,1.16,0.04,-5.9,-19.0,-44.8,5.29,1068,1.21,1.23,6.0,2.8,91.5,20260608,164970,8844,35.900001525878906,22.299999237060547,-23.1,-16.8,13.0,0.0
6763,綠界科技*,個股,數位雲端,57.5,105.8,0.143,13.2,3.39,0.3,-0.5,-3.4,-29.1,2.78,340,2.04,2.09,7.0,3.0,71.26,20260713,213586,20098,76.19999694824219,45.20000076293945,-5.9,-4.5,40.0,0.0
8932,智通*,個股,數位雲端,167.5,299.8,0.405,45.7,13.88,0.29,-18.1,111.1,85.4,0.17,-431,31.43,32.26,3.0,0.72,64.92,,204013,15045,241.5,77.5999984741211,80.5,15.9,55.0,0.0
7722,LINEPAY,個股,數位雲端,570.0,387.6,0.041,66.8,3.64,0.02,-5.9,24.4,-1.4,0.26,33,58.91,59.02,2.0,1.5,26.81,20260615,176086,18797,904.0,473.0,23.5,-10.9,23.0,0.0
8454,富邦媒,個股,數位雲端,207.5,549.9,0.058,17.3,6.26,0.27,-14.1,-31.7,-57.5,6.17,-225,13.12,13.88,13.0,10.0,88.57,20260611,133987,12172,391.0,207.5,-37.6,-27.4,0.0,0.0
6689,伊雲谷,個股,數位雲端,61.5,41.8,0.004,37.2,1.48,0.56,-17.9,-47.5,-73.2,3.25,-155,4.59,5.0,9.0,2.0,86.58,,94459,10486,126.0,60.79999923706055,-46.2,-26.8,1.0,0.0
3293,鈊象,個股,文化創意,721.0,2031.8,2.743,19.5,12.63,0.24,-8.4,-23.3,-49.0,4.02,-4063,20.76,31.13,21.0,36.0,93.48,20260708,1907153,59618,993.0,700.0,-26.3,-11.9,7.0,0.0
3546,宇峻,個股,文化創意,77.6,45.3,0.061,32.6,3.16,0.38,-6.2,17.5,-8.3,5.28,-459,7.83,9.0,10.0,2.0,126.9,20260707,144306,13200,130.0,72.80000305175781,2.7,-11.1,8.0,0.0
4946,辣椒,個股,文化創意,106.5,8.3,0.011,1024.3,13.85,0.35,-19.3,189.8,164.1,0.0,-46,13.9,13.91,-8.0,0.0,0.0,,124404,18805,257.0,36.75,189.8,-16.0,32.0,0.0
2101,南港,個股,橡膠工業,37.25,273.4,0.029,,2.41,0.08,-2.1,-24.8,-50.6,1.34,-3286,5.56,6.06,2.0,0.7,69.31,20260326,290861,14239,48.54999923706055,29.799999237060547,-18.2,-5.8,40.0,0.0
1101,台泥,個股,水泥工業,23.2,1798.3,0.186,,0.8,0.27,-3.3,-23.9,-49.6,4.31,15978,18.42,21.71,24.0,0.8,-50.0,20260701,1144970,61393,35.25,20.399999618530273,-26.9,-12.9,19.0,0.0
2201,裕隆,個股,汽車工業,33.15,354.7,0.038,25.2,0.57,0.36,-5.0,-32.0,-57.8,3.92,-13422,5.47,6.17,6.0,0.56,60.22,20260825,473041,32498,52.20000076293945,31.350000381469727,-33.8,-12.5,9.0,0.0
1536,和大,個股,汽車工業,55.8,155.7,0.017,,1.96,0.42,-11.7,-15.9,-41.6,1.43,-4092,7.1,9.92,-1.0,0.0,0.0,,419314,36283,88.69999694824219,47.25,-17.5,-10.7,21.0,0.0
2204,中華,個股,汽車工業,58.6,324.4,0.034,11.3,0.89,0.23,-7.9,-20.4,-46.1,7.17,-2405,20.5,22.0,6.0,3.6,65.81,20260723,206888,14286,83.19999694824219,52.400001525878906,-25.6,-10.7,20.0,0.0
1319,東陽,個股,汽車工業,97.0,573.8,0.061,14.9,2.15,1.13,3.9,-9.0,-34.7,5.46,-6954,12.51,23.81,25.0,5.0,77.76,20260622,167381,18181,141.0,87.9000015258789,-13.4,-10.8,17.0,0.0
2233,宇隆,個股,汽車工業,219.0,132.1,0.014,29.7,3.52,1.09,8.7,-19.3,-45.1,3.2,445,4.45,4.93,16.0,4.0,59.7,20260730,158837,16121,274.0,132.5,-23.1,10.0,61.0,0.0
2258,鴻華先進-創,個股,汽車工業,43.1,753.5,0.081,,5.63,0.06,10.1,4.7,-21.0,0.0,634,0.32,0.43,-4.0,0.0,0.0,,156563,15181,51.20000076293945,31.75,4.7,3.3,58.0,0.0
6505,台塑化,個股,油電燃氣,47.8,4553.4,0.484,75.2,1.48,0.06,17.7,41.4,15.7,1.67,-4146,5.99,6.57,24.0,1.2,115.38,20260623,222278,23879,56.20000076293945,30.950000762939453,39.2,17.4,67.0,0.0
8926,台汽電,個股,油電燃氣,40.85,298.3,0.032,17.1,1.94,0.1,-14.3,2.8,-22.9,5.14,-3370,9.33,9.95,27.0,2.12,86.52,20260702,140260,8993,50.20000076293945,37.54999923706055,-2.0,-6.9,26.0,0.0
1802,台玻,個股,玻璃陶瓷,34.55,1004.7,0.107,,2.24,1.11,26.1,111.3,85.6,0.0,-85384,3.67,4.58,-4.0,0.0,0.0,,1669378,84394,39.900001525878906,12.199999809265137,113.1,53.3,81.0,0.0
6919,康霈*,個股,生技醫療,155.0,2408.7,0.258,,25.6,0.21,-16.4,152.0,126.3,0.0,2302,13.08,14.52,-4.0,0.0,0.0,,3434888,77449,1365.0,121.0,-78.3,-70.8,3.0,0.0
4743,合一,個股,生技醫療,55.6,267.0,0.369,,2.58,0.24,-19.0,-36.3,-62.0,0.0,-7522,9.44,9.68,-3.0,0.0,0.0,,2590203,57756,87.69999694824219,51.400001525878906,-36.8,-17.0,12.0,0.0
6446,藥華藥,個股,生技醫療,470.0,1784.6,0.191,37.1,5.58,0.48,-8.7,-15.0,-40.7,0.23,-4828,19.15,20.04,2.0,1.49,18.94,20260709,1815215,48426,771.0,445.5,-24.0,-13.1,8.0,0.0
6547,高端疫苗,個股,生技醫療,37.75,124.1,0.167,,3.44,0.17,-2.6,4.7,-21.0,0.0,-2569,7.23,7.8,-12.0,0.0,0.0,,1439133,37928,56.0,33.75,4.9,-13.3,18.0,0.0
6472,保瑞,個股,生技醫療,488.0,621.2,0.067,20.7,4.04,0.45,-29.3,-20.7,-46.5,2.87,-17,9.82,10.63,12.0,10.0,41.84,,917346,32401,905.0,488.0,-35.6,-32.3,0.0,0.0
1795,美時,個股,生技醫療,283.0,755.3,0.081,16.0,3.41,0.64,9.1,7.8,-17.9,2.04,-6950,58.35,60.91,6.0,2.56,14.83,,527100,33596,317.5,176.0,5.1,16.0,76.0,0.0
6499,益安,個股,生技醫療,94.5,91.6,0.124,,5.74,0.32,2.9,138.3,112.6,0.0,678,18.09,20.76,-3.0,0.0,0.0,,467677,18712,145.0,36.45000076293945,139.9,10.6,53.0,0.0
6550,北極星藥業-KY,個股,生技醫療,31.1,267.4,0.029,,3.89,0.14,-15.6,-31.9,-57.6,0.0,-47,65.05,65.19,-11.0,0.0,0.0,,403532,20069,50.900001525878906,26.350000381469727,-32.0,-18.9,19.0,0.0
6541,泰福-KY,個股,生技醫療,55.0,145.7,0.016,,2.56,0.24,6.4,-15.6,-41.4,0.0,1457,14.16,14.2,-11.0,0.0,0.0,,390880,10154,81.80000305175781,48.099998474121094,-15.8,-6.0,20.0,0.0
4162,智擎,個股,生技醫療,70.4,102.6,0.138,6.1,2.14,0.17,5.1,-15.5,-41.3,8.52,304,8.34,8.69,12.0,2.0,74.07,,386995,15514,120.5,64.4000015258789,-21.1,-14.9,11.0,0.0
4128,中天,個股,生技醫療,18.5,108.8,0.147,,1.21,0.13,-19.9,-43.9,-69.7,0.0,-5492,6.36,6.49,-3.0,0.0,0.0,,368809,20040,34.349998474121094,18.350000381469727,-44.4,-25.2,1.0,0.0
6589,台康生技,個股,生技醫療,61.7,189.2,0.02,,2.27,0.11,-12.2,-14.3,-40.0,0.0,-2370,5.8,5.92,-10.0,0.0,0.0,,341345,16808,83.80000305175781,52.70000076293945,-14.2,-9.3,29.0,0.0
4174,浩鼎,個股,生技醫療,27.0,71.1,0.096,,3.25,0.23,3.3,-53.8,-79.6,0.0,-612,8.98,9.16,-14.0,0.0,0.0,,313050,19705,62.79999923706055,23.25,-54.6,-28.9,9.0,0.0
6535,順藥,個股,生技醫療,194.5,328.3,0.443,,20.64,0.26,-32.6,-22.2,-47.9,0.0,125,5.77,7.08,-11.0,0.0,0.0,,301635,19695,319.0,125.0,-23.1,-2.1,36.0,0.0
6576,逸達,個股,生技醫療,80.6,126.9,0.175,,13.65,0.06,-1.9,4.0,-21.7,0.0,-188,22.7,22.7,-11.0,0.0,0.0,,299817,7375,86.30000305175781,57.900001525878906,4.0,6.7,80.0,0.0
4157,太景*-KY,個股,生技醫療,13.4,95.4,0.129,,0.03,1.0,54.0,17.0,-8.7,0.0,-7567,1.12,1.25,-13.0,0.0,0.0,,269207,11048,13.899999618530273,7.519999980926514,17.3,35.7,92.0,0.0
4167,松瑞藥,個股,生技醫療,18.4,57.1,0.077,11.5,1.55,0.7,3.1,-7.8,-33.6,2.22,-2974,10.24,10.34,4.0,0.8,86.31,,202383,8705,22.0,14.449999809265137,-9.8,-3.2,52.0,0.0
6712,長聖,個股,生技醫療,164.0,143.7,0.194,27.6,10.34,0.27,-11.6,5.9,-19.8,3.12,-113,4.8,5.0,5.0,3.5,81.97,20260416,193653,9226,187.0,144.0,-6.6,-1.0,47.0,0.0
4114,健喬,個股,生技醫療,32.4,165.3,0.223,21.5,1.91,0.26,-5.4,5.0,-20.7,1.85,-1944,6.52,6.53,16.0,0.85,99.4,,190356,11430,39.25,29.100000381469727,-6.1,-4.6,33.0,0.0
4142,國光生,個股,生技醫療,18.95,81.4,0.009,,1.72,0.2,0.0,-5.7,-31.5,0.0,-92,5.71,6.93,-5.0,0.0,0.0,,172815,16237,25.549999237060547,16.0,-5.8,-1.9,31.0,0.0
1786,科妍,個股,生技醫療,72.6,54.3,0.006,33.0,2.83,0.36,-28.5,-27.7,-53.5,4.46,-266,2.43,2.43,9.0,1.91,85.22,20260429,157731,11218,128.0,72.5999984741211,-29.9,-26.3,0.0,0.0
1402,遠東新,個股,紡織纖維,27.8,1488.1,0.158,17.6,0.67,0.07,0.0,-7.4,-33.2,5.76,-15551,18.77,26.71,36.0,1.25,80.65,20260714,180969,12629,35.29999923706055,26.5,-11.9,-8.2,15.0,0.0
1409,新纖,個股,紡織纖維,15.0,242.8,0.026,12.6,0.61,0.25,6.0,5.7,-20.0,4.0,2190,11.83,12.08,17.0,0.9,75.63,,170733,15499,17.799999237060547,11.0,1.7,7.5,59.0,0.0
4414,如興,個股,紡織纖維,11.6,30.6,0.003,9.3,0.75,0.06,0.9,-2.7,-28.4,0.0,193,26.28,26.31,1.0,0.01,16.18,,156061,9380,12.949999809265137,2.7799999713897705,269.4,58.3,87.0,0.0
1477,聚陽,個股,紡織纖維,288.5,711.7,0.076,19.2,5.48,0.6,-0.5,-5.3,-31.0,5.93,-2824,19.46,38.75,25.0,15.0,102.39,20260326,77925,8975,389.5,226.5,-9.8,-1.0,38.0,0.0
1449,佳和,個股,紡織纖維,11.1,14.1,0.001,,0.64,0.35,-9.7,-49.8,-75.6,0.0,86,6.42,7.45,-2.0,0.0,83.33,,57009,5525,23.299999237060547,9.90999984741211,-50.4,-18.7,9.0,0.0
1476,儒鴻,個股,紡織纖維,384.5,1055.1,0.112,18.7,3.8,0.2,-12.3,-21.3,-47.0,4.42,-3564,31.94,35.95,26.0,15.0,74.63,20260617,55062,7801,564.0,320.5,-24.4,-11.8,26.0,0.0
1434,福懋,個股,紡織纖維,15.9,267.9,0.028,45.4,0.71,0.11,4.6,-9.1,-34.8,5.03,-1258,6.66,9.81,37.0,0.5,98.04,20260716,47861,5612,19.75,14.600000381469727,-13.5,-4.3,25.0,0.0
6869,雲豹能源,個股,綠能環保,91.4,125.9,0.013,10.4,2.13,0.53,-23.2,-46.6,-72.3,5.48,-1747,2.01,2.75,5.0,2.0,-47.62,,367463,33005,183.0,91.4000015258789,-49.6,-34.8,-0.0,0.0
8390,金益鼎,個股,綠能環保,90.4,86.9,0.117,14.6,2.51,1.68,29.3,53.2,27.4,2.77,-2675,12.51,13.33,19.0,3.8,57.58,20260717,355725,16391,97.4000015258789,49.70000076293945,47.0,34.0,85.0,0.0
6873,泓德能源,個股,綠能環保,98.7,140.7,0.015,17.2,1.4,0.48,-21.7,-44.7,-70.5,5.33,-1391,8.13,8.42,5.0,2.5,69.64,,291786,20922,263.5,91.0999984741211,-53.0,-44.9,4.0,0.0
6944,兆聯實業,個股,綠能環保,692.0,530.8,0.057,25.3,6.61,1.25,31.3,,0.0,2.02,5143,13.08,14.04,4.0,17.0,61.94,,265347,14377,710.0,389.0,126.3,31.5,94.0,0.0
3708,上緯投控,個股,綠能環保,111.0,119.5,0.013,87.1,1.24,0.81,-16.2,29.3,3.6,2.11,-883,4.62,5.41,10.0,6.5,18.26,20260626,244157,19602,148.5,55.5,25.4,13.6,60.0,0.0
8422,可寧衛*,個股,綠能環保,31.6,378.9,0.041,24.5,4.49,16.25,56.4,85.2,59.5,31.47,3442,6.92,14.59,16.0,1.2,92.88,20260629,193588,25700,250.0,20.899999618530273,-82.4,-81.3,5.0,0.0
2603,長榮,個股,航運業,190.0,4113.5,0.437,4.5,0.76,0.36,6.1,-2.7,-28.5,17.11,23637,16.64,36.38,6.0,16.0,50.51,20260617,5258355,131535,260.5,171.0,-15.4,-6.6,21.0,0.0
2609,陽明,個股,航運業,55.7,1945.1,0.207,7.1,0.61,0.32,5.1,-17.9,-43.6,13.46,37011,14.17,24.59,5.0,2.0,40.82,20260714,2044128,88685,86.9000015258789,50.400001525878906,-26.1,-13.9,15.0,0.0
2615,萬海,個股,航運業,78.8,2211.2,0.235,6.5,0.86,0.13,6.1,0.8,-24.9,4.44,-20180,40.86,43.74,14.0,3.0,26.76,20260706,1729214,77856,126.5,61.099998474121094,-2.7,-7.8,27.0,0.0
2634,漢翔,個股,航運業,50.6,476.6,0.051,63.1,2.8,0.53,-10.1,16.6,-9.2,2.73,-9597,2.72,3.18,12.0,0.78,99.74,20260708,938852,61919,67.19999694824219,40.04999923706055,12.9,3.4,39.0,0.0
2618,長榮航,個股,航運業,36.55,1973.8,0.21,7.6,1.5,0.33,-4.1,-12.3,-38.1,6.57,25863,21.45,41.82,5.0,2.0,41.32,20260708,913319,55400,47.70000076293945,33.150001525878906,-16.6,-8.0,23.0,0.0
2610,華航,個股,航運業,20.2,1229.3,0.132,8.2,1.26,0.36,-3.1,-18.3,-44.0,3.94,-14133,13.52,21.23,5.0,0.81,33.66,20260710,602788,38183,26.549999237060547,18.299999237060547,-20.4,-7.0,23.0,0.0
5905,南仁湖,個股,觀光餐旅,9.11,25.7,0.035,,0.9,0.23,-15.6,-36.7,-62.5,0.0,1953,3.8,4.07,-5.0,0.0,0.0,,227717,12605,15.25,8.829999923706055,-35.2,-20.5,4.0,0.0
2731,雄獅,個股,觀光餐旅,163.5,152.5,0.016,10.5,3.31,0.2,3.2,38.9,13.2,4.59,-2532,26.46,26.96,3.0,12.8,73.18,20260609,155039,16153,182.5,103.0,31.8,8.7,76.0,0.0
2727,王品,個股,觀光餐旅,217.0,183.4,0.019,14.5,4.27,0.21,-5.7,-2.4,-28.1,6.72,-374,21.63,23.66,4.0,16.12,100.61,20260716,123097,13683,256.0,197.0,-8.2,-4.4,34.0,0.0
3522,御嵿,個股,觀光餐旅,19.2,16.1,0.022,,3.59,0.34,31.1,-21.6,-47.4,0.0,-15,0.18,0.18,-11.0,0.0,0.0,,113372,6420,25.600000381469727,12.649999618530273,-21.1,15.2,51.0,0.0
2743,山富,個股,觀光餐旅,79.4,37.2,0.05,16.4,3.12,0.08,-11.0,6.9,-18.9,2.52,51,1.09,5.23,3.0,3.2,81.22,,105075,11157,137.5,67.30000305175781,-17.4,-21.2,17.0,0.0
2753,八方雲集,個股,觀光餐旅,190.5,126.9,0.013,16.2,3.67,0.16,-6.1,36.0,10.2,4.2,-690,11.79,12.59,7.0,11.5,93.46,20260702,103764,14236,217.0,145.0,28.7,3.4,63.0,0.0
2915,潤泰全,個股,貿易百貨,55.1,608.5,0.065,6.8,0.62,0.48,5.2,-20.1,-45.9,4.54,-6323,7.17,15.78,17.0,1.9,20.45,,363095,17143,71.69999694824219,49.349998474121094,-24.1,-2.3,26.0,0.0
2912,統一超,個股,貿易百貨,221.5,2302.7,0.245,20.6,5.84,0.2,-10.7,-12.8,-38.5,4.06,-15985,18.16,24.64,26.0,9.0,83.49,20260730,123272,14582,268.5,221.5,-15.8,-12.3,0.0,0.0
6578,達邦蛋白,個股,農業科技,19.1,13.7,0.019,,1.34,0.15,-9.0,-1.5,-27.3,2.09,-54,1.32,1.32,-1.0,0.0,0.0,,33818,2473,25.549999237060547,16.0,-3.5,-3.2,32.0,0.0
1905,華紙,個股,造紙工業,11.6,127.9,0.014,,0.85,0.07,-3.3,-29.9,-55.6,0.0,-6018,2.64,2.77,-3.0,0.0,0.0,,153839,11802,17.299999237060547,11.199999809265137,-30.2,-12.6,7.0,0.0
9904,寶成,個股,運動休閒,30.15,888.5,0.094,7.9,0.66,0.39,4.5,-14.1,-39.9,5.64,-10354,41.79,54.22,24.0,1.3,31.71,20260702,435946,26980,38.849998474121094,26.899999618530273,-17.8,-4.1,27.0,0.0
6890,來億-KY,個股,運動休閒,250.5,624.7,0.066,17.9,2.82,0.22,15.7,-32.1,-57.9,3.59,-1294,87.44,87.79,3.0,8.97,68.88,20260713,202441,12658,498.5,208.0,-33.9,-17.2,15.0,0.0
8478,東哥遊艇,個股,運動休閒,188.0,176.7,0.019,24.1,2.07,0.23,-16.1,-6.5,-32.2,2.66,98,40.09,40.9,12.0,6.5,49.06,,180166,16927,235.0,127.5,-8.9,0.4,56.0,0.0
2887,台新新光金,個股,金融保險,20.4,5357.3,0.476,20.6,1.11,0.23,13.3,24.0,-1.8,4.41,689437,21.94,33.25,16.0,1.0,57.59,,1178946,47736,21.399999618530273,14.199999809265137,17.1,16.7,86.0,0.0
2883,凱基金,個股,金融保險,17.25,3201.1,0.314,13.6,0.98,0.14,15.4,6.9,-18.8,4.93,283450,26.12,34.26,3.0,1.0,57.47,20260630,696822,32947,18.649999618530273,14.100000381469727,0.3,5.5,69.0,0.0
2890,永豐金,個股,金融保險,28.6,4144.8,0.444,17.0,1.62,0.11,14.4,33.8,8.1,3.18,25576,26.74,36.04,17.0,1.1,65.99,20260723,616648,28114,29.299999237060547,19.100000381469727,25.0,17.4,93.0,0.0
2881,富邦金,個股,金融保險,96.1,14998.7,1.442,12.5,1.53,0.08,8.8,14.7,-11.1,4.42,54107,16.26,25.38,17.0,4.25,50.78,20260701,595502,36088,98.19999694824219,72.0999984741211,6.4,9.6,92.0,0.0
2891,中信金,個股,金融保險,50.2,10129.3,1.058,13.7,1.95,0.12,17.0,35.5,9.8,4.58,19897,34.01,51.8,19.0,2.5,61.28,20260710,581590,37129,50.400001525878906,34.0,28.7,19.7,99.0,0.0
2884,玉山金,個股,金融保險,33.75,5458.7,0.58,17.4,2.2,0.37,1.2,31.1,5.3,3.56,171637,30.67,38.47,17.0,1.4,66.04,20260701,477864,46944,35.29999923706055,25.899999618530273,25.2,8.7,84.0,0.0
2812,台中銀,個股,金融保險,20.8,1252.5,0.133,14.5,1.4,0.2,-8.4,21.0,-4.7,1.88,-5431,10.55,10.81,15.0,0.39,69.28,,387036,21924,23.850000381469727,17.75,11.1,-0.6,50.0,0.0
2882,國泰金,個股,金融保險,75.8,12281.5,1.181,15.0,1.38,0.23,15.5,17.0,-8.7,4.62,83351,19.6,31.19,17.0,3.5,49.58,20260630,367953,32868,76.69999694824219,49.5,11.0,17.6,97.0,0.0
2867,三商壽,個股,金融保險,8.0,472.0,0.05,111.2,1.48,0.3,36.8,26.8,1.0,0.0,202144,13.0,14.49,-11.0,0.0,0.0,,352213,23159,8.039999961853027,4.909999847412109,27.2,30.4,99.0,0.0
2801,彰銀,個股,金融保險,20.45,2406.1,0.255,13.5,1.13,0.16,4.1,23.4,-2.3,2.44,-5360,18.18,20.38,20.0,0.8,69.54,,346676,17496,21.149999618530273,16.399999618530273,14.4,7.1,85.0,0.0
2834,臺企銀,個股,金融保險,16.0,1554.9,0.165,12.8,1.09,0.09,1.6,15.6,-10.1,1.25,25953,19.74,20.3,11.0,0.3,79.37,,273176,18046,16.600000381469727,12.949999809265137,7.7,4.6,84.0,0.0
2885,元大金,個股,金融保險,39.3,5239.1,0.556,14.8,1.59,0.42,12.8,24.7,-1.0,3.94,9311,26.62,38.18,15.0,1.8,80.29,,179997,16682,40.54999923706055,27.299999237060547,15.4,15.4,91.0,0.0
2892,第一金,個股,金融保險,29.4,4227.6,0.453,16.1,1.45,0.12,-1.5,14.7,-11.0,3.23,-59644,26.58,29.43,22.0,1.3,69.52,,171728,15617,30.75,24.399999618530273,8.4,4.5,79.0,0.0
2886,兆豐金,個股,金融保險,40.0,5933.4,0.63,17.6,1.55,0.07,-5.9,7.4,-18.4,4.0,-36128,21.02,30.42,24.0,1.75,74.15,,137339,16446,43.0,35.54999923706055,3.4,-0.9,60.0,0.0
2027,大成鋼,個股,鋼鐵工業,35.6,920.0,0.098,15.1,1.42,0.92,-7.5,21.7,-4.0,3.09,-118797,16.9,30.39,15.0,1.5,52.08,20260714,1280568,59459,53.0,29.100000381469727,17.6,-9.1,27.0,0.0
2002,中鋼,個股,鋼鐵工業,19.0,2996.9,0.317,,1.05,0.15,-2.1,-1.7,-27.4,1.74,-33334,13.2,16.65,30.0,0.15,-51.72,20260724,654460,62024,24.700000762939453,17.649999618530273,-3.3,-4.9,19.0,0.0
9958,世紀鋼,個股,鋼鐵工業,139.5,344.4,0.037,26.2,3.21,0.24,-20.3,-13.1,-38.8,2.98,1052,13.22,15.07,14.0,4.5,68.49,20260723,372174,29969,245.0,130.5,-15.0,-20.5,8.0,0.0
2009,第一銅,個股,鋼鐵工業,48.25,173.5,0.018,149.7,2.07,7.6,14.1,31.8,6.1,1.04,2760,1.42,2.84,2.0,0.4,117.65,20260729,287985,37059,54.400001525878906,29.899999618530273,30.3,28.6,75.0,0.0
2014,中鴻,個股,鋼鐵工業,15.75,226.1,0.024,,1.8,0.43,-0.6,-11.3,-37.0,0.0,-2940,4.55,9.72,-2.0,0.0,0.0,,247090,22553,25.25,13.800000190734863,-11.4,-6.1,17.0,0.0
5009,榮剛,個股,鋼鐵工業,32.1,193.4,0.261,17.8,1.1,0.22,-10.3,-26.0,-51.7,8.1,2022,10.91,11.24,15.0,1.2,54.55,20260629,229779,13838,50.0,30.5,-30.7,-18.7,8.0,0.0
1605,華新,個股,電器電纜,31.8,1409.2,0.15,89.1,0.91,1.73,22.5,37.5,11.7,1.57,2827,11.26,16.35,11.0,0.5,66.67,20260611,1330439,79520,34.45000076293945,17.799999237060547,33.9,28.9,84.0,0.0
1609,大亞,個股,電器電纜,37.95,298.0,0.032,20.4,1.79,0.69,-5.6,-11.3,-37.0,1.98,-3530,11.96,12.57,9.0,0.7,42.42,20260623,517478,38827,45.45000076293945,29.100000381469727,-14.2,-3.4,54.0,0.0
3481,群創,個股,電子–光電,17.05,1362.2,0.145,14.7,0.63,11.71,18.4,27.9,2.1,5.87,-138101,22.59,25.2,2.0,1.0,3333.33,20260611,1747884,79865,17.049999237060547,11.0,19.2,26.4,100.0,0.0
3019,亞光,個股,電子–光電,139.0,388.1,0.041,20.3,2.78,0.56,-12.3,-24.0,-49.7,2.88,-2014,7.29,8.13,10.0,4.6,69.7,20260624,1271058,63910,209.5,109.5,-27.5,-6.8,30.0,0.0
2374,佳能,個股,電子–光電,77.6,251.9,0.027,42.0,3.25,2.25,-10.1,33.0,7.3,0.77,-8323,4.45,5.51,11.0,2.0,81.97,,1088894,63465,107.0,37.599998474121094,18.8,17.6,58.0,0.0
5371,中光電,個股,電子–光電,86.0,336.3,0.454,92.3,1.52,1.81,-21.5,-5.6,-31.3,1.74,-9653,12.85,15.91,12.0,0.5,52.63,20260617,842202,53671,131.0,53.599998474121094,-8.3,4.4,42.0,0.0
2409,友達,個股,電子–光電,12.25,924.5,0.098,16.6,0.63,2.98,-10.3,-14.2,-39.9,2.49,-191429,14.61,20.63,6.0,0.4,44.44,,770595,47375,15.399999618530273,10.600000381469727,-16.6,-5.1,34.0,0.0
3059,華晶科,個股,電子–光電,40.35,124.0,0.013,32.3,1.29,0.44,-22.4,7.8,-18.0,2.48,-4482,14.32,14.81,12.0,1.0,80.65,,715790,37394,63.0,28.450000762939453,5.7,-5.4,34.0,0.0
8069,元太,個股,電子–光電,198.0,2278.8,3.148,17.6,3.32,0.76,-17.7,-25.8,-51.5,2.52,-5118,41.17,43.6,11.0,5.89,64.42,20260720,606606,33158,312.0,169.0,-28.4,-15.1,20.0,0.0
8111,立碁,個股,電子–光電,73.2,79.9,0.108,136.9,6.16,3.32,31.7,38.2,12.4,1.23,-3373,4.05,6.02,8.0,0.6,157.89,20260611,600521,32807,77.4000015258789,36.849998474121094,37.9,36.9,90.0,0.0
2486,一詮,個股,電子–光電,93.9,219.7,0.023,465.9,4.35,5.22,15.9,-16.4,-42.1,0.54,-8393,8.67,10.03,5.0,0.5,226.57,20260525,538008,34374,115.0,65.5,-17.4,8.6,57.0,0.0
6443,元晶,個股,電子–光電,27.9,143.1,0.014,,2.44,3.01,84.8,56.3,30.6,0.0,21203,10.58,11.76,-2.0,0.0,0.0,,475671,42840,29.100000381469727,11.949999809265137,55.5,70.9,93.0,0.0
3008,大立光,個股,電子–光電,2495.0,3330.8,0.354,14.3,1.83,0.98,6.2,-3.4,-29.2,3.91,62,30.41,38.09,25.0,80.0,50.19,20260319,349855,31670,2830.0,1800.0,-6.8,6.0,67.0,0.0
5392,能率,個股,電子–光電,47.65,84.1,0.114,,1.53,5.73,-13.5,31.6,5.9,0.42,-3311,5.54,6.69,20.0,0.2,-153.85,,327911,30555,58.400001525878906,24.149999618530273,26.5,24.2,69.0,0.0
3576,聯合再生,個股,電子–光電,8.61,140.2,0.015,,1.35,0.71,25.1,-14.8,-40.5,0.0,-1868,9.4,9.48,-3.0,0.0,0.0,,314196,26764,10.550000190734863,6.0,-14.8,11.3,57.0,0.0
3051,力特,個股,電子–光電,18.45,30.8,0.003,16.1,1.3,0.17,-17.3,-41.4,-67.2,8.23,-208,3.73,3.95,4.0,0.5,49.5,,309949,13686,33.849998474121094,17.799999237060547,-46.1,-27.7,4.0,0.0
2349,錸德,個股,電子–光電,15.3,106.1,0.011,,2.03,0.9,48.5,10.1,-15.7,0.0,7368,13.0,13.06,-22.0,0.0,0.0,,291444,24333,16.200000762939453,8.579999923706055,10.2,37.3,88.0,0.0
2317,鴻海,個股,電子–其他電子,230.5,32277.8,3.458,16.9,1.82,0.29,6.7,29.8,4.1,2.52,-74133,38.32,43.57,27.0,7.17,52.7,20260702,9769741,220791,262.0,112.5,25.5,23.2,79.0,0.0
1785,光洋科,個股,電子–其他電子,66.5,396.3,0.535,28.3,2.89,3.35,6.7,10.1,-15.6,3.01,10103,17.39,18.93,7.0,2.0,63.7,20260716,1046313,42005,70.0,46.75,6.4,15.0,85.0,0.0
2354,鴻準,個股,電子–其他電子,61.7,872.7,0.093,26.7,0.85,0.21,-12.2,-15.2,-41.0,2.27,-766,12.99,14.42,22.0,1.5,64.66,20260702,916278,56101,78.9000015258789,47.79999923706055,-16.6,-7.7,45.0,0.0
2312,金寶,個股,電子–其他電子,22.4,337.2,0.036,22.4,1.48,0.87,15.2,-12.2,-38.0,2.68,-1703,5.46,10.94,11.0,0.6,57.13,20260623,894687,48984,26.850000381469727,16.299999237060547,-15.0,4.9,58.0,0.0
6139,亞翔,個股,電子–其他電子,552.0,1298.9,0.139,24.2,6.67,1.48,53.8,155.5,129.7,2.52,11867,31.84,36.23,26.0,23.0,75.39,20260902,878920,45730,604.0,176.0,145.6,66.6,88.0,0.0
2359,所羅門,個股,電子–其他電子,125.5,215.2,0.023,136.7,3.88,0.34,-11.6,-24.7,-50.5,0.8,-537,3.44,4.64,12.0,1.0,81.3,20260713,856886,55146,166.5,106.0,-25.8,-9.5,32.0,0.0
8021,尖點,個股,電子–其他電子,190.0,269.8,0.029,93.6,5.6,21.2,88.1,483.1,457.3,0.64,18637,11.52,15.03,23.0,1.97,71.72,20260715,725113,60912,190.0,21.549999237060547,466.6,174.5,100.0,1.0
3324,雙鴻,個股,電子–其他電子,1010.0,937.3,1.296,44.4,9.51,2.27,20.2,52.5,26.7,0.99,1718,26.57,35.71,15.0,11.9,42.12,20260617,671064,45072,1095.0,397.0,50.5,40.9,88.0,0.0
6215,和椿,個股,電子–其他電子,101.5,84.0,0.009,54.3,5.64,0.9,-18.5,12.2,-13.5,1.48,-371,5.82,6.86,13.0,1.0,48.08,20260715,537719,42815,156.5,60.20000076293945,10.3,-7.8,43.0,0.0
3305,昇貿,個股,電子–其他電子,103.5,148.6,0.016,37.0,2.79,1.51,-3.3,67.9,42.2,2.13,-1200,1.59,1.83,22.0,2.28,72.26,20260715,478826,37873,154.0,45.29999923706055,61.8,27.8,54.0,0.0
2404,漢唐,個股,電子–其他電子,949.0,1808.8,0.192,21.5,11.55,2.39,5.9,104.8,79.1,2.95,-661,32.77,55.58,28.0,40.0,83.19,20260716,457310,41572,1230.0,409.0,102.7,35.8,66.0,0.0
3030,德律,個股,電子–其他電子,191.5,452.3,0.048,19.5,5.11,1.21,7.3,63.1,37.4,2.61,3509,18.35,19.32,24.0,7.0,66.73,20260611,430080,23437,215.0,83.9000015258789,57.7,32.5,82.0,0.0
2330,台積電,個股,電子–半導體,1550.0,401953.8,43.068,25.3,7.42,0.12,19.2,46.5,20.8,1.1,28361,72.76,76.73,23.0,22.0,33.2,20260611,7178365,253191,1550.0,785.0,44.6,33.2,100.0,1.0
2344,華邦電,個股,電子–半導體,82.6,3717.0,0.395,,3.92,7.7,142.6,458.1,432.4,0.0,30369,21.09,26.53,1.0,0.5,56.82,20260327,4955741,159802,83.69999694824219,13.350000381469727,467.6,184.9,98.0,0.0
2408,南亞科,個股,電子–半導體,193.0,5980.3,0.635,,3.8,3.76,164.4,559.8,534.1,0.0,43439,13.64,21.13,1.0,1.35,63.25,20260707,4856910,153350,194.5,25.399999618530273,575.6,179.2,99.0,0.0
6770,力積電,個股,電子–半導體,39.55,1670.6,0.179,,2.04,4.68,55.7,148.7,123.0,0.0,89664,13.87,15.19,-3.0,0.0,0.0,,2751954,123787,40.45000076293945,11.949999809265137,150.6,91.4,97.0,0.0
2337,旺宏,個股,電子–半導體,39.45,761.8,0.082,,1.66,13.75,57.5,99.2,73.5,0.0,75947,20.78,25.09,-2.0,0.0,0.0,,1915979,90551,40.650001525878906,17.049999237060547,100.5,62.8,95.0,0.0
2454,聯發科,個股,電子–半導體,1430.0,22935.8,2.435,21.6,5.46,0.42,8.7,5.2,-20.5,3.78,5720,56.53,65.35,26.0,53.5,80.86,20260707,1806651,85050,1560.0,1145.0,3.4,4.2,69.0,0.0
2449,京元電子,個股,電子–半導體,247.5,3026.2,0.321,28.0,6.43,5.26,50.9,130.7,104.9,1.62,-1893,33.71,63.95,16.0,1.0,16.65,,1561448,78908,247.5,71.80000305175781,120.4,81.4,100.0,1.0
3661,世芯-KY,個股,電子–半導體,3510.0,2853.6,0.306,48.0,6.99,1.98,1.3,8.0,-17.7,1.05,-1554,49.65,59.21,9.0,34.17,49.39,,1443589,55291,4305.0,1945.0,7.7,10.1,66.0,0.0
2303,聯電,個股,電子–半導體,49.25,6199.7,0.664,15.4,1.72,0.21,8.1,21.8,-4.0,5.79,328087,30.22,54.69,17.0,2.61,78.09,20260708,1293921,87237,50.900001525878906,39.900001525878906,14.2,10.9,85.0,0.0
3450,聯鈞,個股,電子–半導體,270.0,393.4,0.042,49.3,8.22,9.56,-0.7,-5.7,-31.4,0.19,-4195,9.67,14.5,2.0,1.0,19.96,20260617,1217843,59516,338.5,171.0,-6.0,14.1,59.0,0.0
8299,群聯,個股,電子–半導體,1450.0,3123.3,4.314,48.0,5.2,6.54,106.5,187.1,161.3,1.73,-2247,45.96,61.36,23.0,23.19,55.25,20260630,1063022,49559,1450.0,406.0,173.5,119.1,100.0,1.0
3260,威剛,個股,電子–半導體,279.5,910.6,1.229,26.3,4.84,17.36,78.0,276.9,251.2,1.83,23378,28.9,50.81,15.0,17.0,73.34,20260320,844355,61285,279.5,66.80000305175781,259.5,135.5,100.0,1.0
3035,智原,個股,電子–半導體,170.5,444.3,0.047,58.5,3.5,0.93,7.6,-28.1,-53.8,1.76,-573,7.15,10.71,24.0,1.8,64.06,20260616,834430,51956,255.5,149.0,-29.9,-8.2,20.0,0.0
8028,昇陽半導體,個股,電子–半導體,178.0,311.9,0.033,42.6,6.11,13.45,-1.1,29.5,3.8,1.24,8000,10.73,13.45,12.0,2.7,61.83,20260612,803027,52632,187.5,90.9000015258789,28.0,20.9,90.0,0.0
4991,環宇-KY,個股,電子–半導體,228.5,273.7,0.378,,7.27,0.76,65.6,68.0,42.3,0.0,8757,22.71,33.34,-6.0,0.0,0.0,,739407,41665,232.5,74.0999984741211,71.7,67.8,97.0,0.0
6187,萬潤,個股,電子–半導體,364.0,352.7,0.476,22.4,5.11,1.51,-5.2,-7.2,-32.9,2.8,636,22.09,24.23,13.0,11.79,76.25,,684778,34527,435.0,201.0,-9.5,4.0,70.0,0.0
3189,景碩,個股,電子–半導體,159.0,726.3,0.078,103.1,2.27,7.93,47.9,59.3,33.6,0.63,19935,23.79,27.72,23.0,1.52,43.24,20260702,626373,49623,159.5,61.20000076293945,57.7,51.3,99.0,0.0
2363,矽統,個股,電子–半導體,46.6,240.0,0.025,32.7,1.39,0.34,-18.7,-34.0,-59.7,1.07,-567,4.94,6.4,7.0,0.6,39.22,,615089,41321,70.19999694824219,39.29999923706055,-35.2,-13.9,24.0,0.0
8110,華東,個股,電子–半導體,57.2,296.1,0.031,48.5,2.66,1.46,217.8,316.5,290.8,0.35,12953,3.71,5.34,6.0,1.49,60.25,20260709,587430,57757,57.20000076293945,10.149999618530273,311.1,196.2,100.0,1.0
3443,創意,個股,電子–半導體,2125.0,2847.5,0.302,82.4,24.32,2.37,58.6,58.6,32.8,0.75,-697,27.85,39.32,21.0,20.0,71.1,20260608,585171,38726,2275.0,853.0,59.9,54.7,89.0,0.0
3105,穩懋,個股,電子–半導體,183.0,775.7,1.047,248.1,1.96,2.36,97.0,65.3,39.5,0.55,9949,25.31,29.47,2.0,2.0,50.0,20260611,585075,43583,191.0,74.5,64.6,77.0,93.0,0.0
6962,奕力-KY,個股,電子–半導體,39.1,192.5,0.02,11.2,0.97,0.31,-7.8,-25.8,-51.5,5.12,-2573,42.7,42.9,3.0,1.0,34.84,,566070,27680,66.80000305175781,38.79999923706055,-29.6,-20.5,1.0,0.0
2481,強茂,個股,電子–半導體,80.1,306.1,0.032,29.5,2.21,1.03,13.1,60.9,35.2,1.75,-10397,8.13,16.14,8.0,1.8,57.69,20260416,561538,43645,98.69999694824219,38.650001525878906,56.9,32.6,69.0,0.0
6223,旺矽,個股,電子–半導體,2250.0,2202.8,3.043,74.8,15.11,0.47,31.2,146.7,121.0,0.71,-103,34.09,57.62,16.0,22.0,65.69,20260709,552076,31278,2380.0,494.5,151.1,84.1,93.0,0.0
3711,日月光投控,個股,電子–半導體,250.5,11112.4,1.191,31.5,3.2,0.42,52.7,60.5,34.7,2.11,16671,78.15,85.56,9.0,6.58,70.28,20260703,543232,48471,251.0,115.0,55.1,47.7,100.0,0.0
2329,華泰,個股,電子–半導體,56.0,369.0,0.034,30.6,3.31,8.03,19.3,65.3,39.6,1.79,9991,12.02,13.01,5.0,1.0,40.82,20260611,536564,36195,56.599998474121094,25.950000762939453,61.7,37.7,98.0,0.0
6488,環球晶,個股,電子–半導體,406.0,1941.1,2.62,34.7,2.16,0.85,-12.5,10.5,-15.2,2.71,-454,22.01,24.66,12.0,7.7,50.36,20260716,519298,40291,541.0,263.5,6.4,10.9,51.0,0.0
3029,零壹,個股,電子–資訊服務,113.0,188.7,0.02,18.1,3.45,0.42,-8.5,-15.5,-41.3,4.42,-1915,4.68,5.86,19.0,5.5,84.23,20260319,368427,30982,154.0,102.0,-18.8,-7.1,21.0,0.0
6231,系微,個股,電子–資訊服務,214.0,97.8,0.132,32.4,9.27,0.48,-20.1,-43.0,-68.8,3.04,328,8.08,10.31,19.0,5.7,85.59,20260722,317503,14075,439.5,200.0,-45.0,-19.0,6.0,0.0
2468,華經,個股,電子–資訊服務,41.4,29.0,0.003,36.1,2.33,0.4,-21.9,69.1,43.4,2.17,-169,4.04,4.47,22.0,1.0,80.0,,312359,29875,81.0,24.350000381469727,64.2,-19.7,30.0,0.0
6148,驊宏資,個股,電子–資訊服務,40.35,18.8,0.025,38.0,3.26,0.31,-14.7,66.6,40.8,3.42,-889,4.77,5.59,8.0,1.23,90.44,20260401,230950,24522,73.69999694824219,24.950000762939453,60.9,-16.2,32.0,0.0
6112,邁達特,個股,電子–資訊服務,46.05,86.8,0.009,81.0,2.08,0.18,-10.9,-8.4,-34.1,1.3,-133,1.44,1.67,26.0,1.65,90.66,20260716,202724,23605,73.80000305175781,35.70000076293945,-9.4,-12.8,27.0,0.0
3147,大綜,個股,電子–資訊服務,165.0,72.1,0.097,14.0,4.48,0.26,-12.7,-1.0,-26.8,3.03,-126,1.19,1.95,13.0,6.5,77.11,,171132,18021,294.0,137.5,-14.0,-13.8,18.0,0.0
2498,宏達電,個股,電子–通信網路,49.2,411.3,0.044,7.1,1.54,0.89,-17.5,0.0,-25.7,0.0,-6867,8.71,17.63,1.0,0.5,6.93,20260622,2126075,82385,74.5,31.75,0.1,4.1,41.0,0.0
4979,華星光,個股,電子–通信網路,325.5,458.3,0.619,67.6,12.43,24.86,50.7,74.6,48.9,0.47,9047,27.67,38.51,4.0,2.15,39.66,20260714,1473966,69235,325.5,123.0,72.0,66.3,100.0,1.0
3163,波若威,個股,電子–通信網路,398.5,320.8,0.433,77.6,11.4,3.16,77.1,186.5,160.7,0.75,-1634,26.72,29.03,8.0,1.75,56.27,,1066155,66785,399.0,123.0,182.9,94.6,100.0,0.0
6442,光聖,個股,電子–通信網路,1360.0,1060.8,0.114,71.7,25.84,6.3,71.5,113.3,87.6,0.63,-2620,31.85,42.13,13.0,11.26,47.99,20260715,899226,50771,1410.0,296.0,119.2,99.2,96.0,0.0
3491,昇達科,個股,電子–通信網路,679.0,467.2,0.645,101.3,12.91,0.84,51.7,110.8,85.1,0.96,2719,31.75,40.08,21.0,6.8,86.85,,850360,37746,696.0,312.5,108.5,63.8,96.0,0.0
2345,智邦,個股,電子–通信網路,1185.0,6649.0,0.706,29.5,13.41,0.59,13.4,55.3,29.6,0.93,6206,57.72,68.21,18.0,15.0,31.83,20260730,572761,40722,1215.0,435.0,54.7,41.2,96.0,0.0
4977,眾達-KY,個股,電子–通信網路,142.0,113.9,0.012,25.7,3.08,7.95,16.9,-2.6,-28.3,1.58,-3541,18.05,18.97,14.0,2.25,50.22,,506472,34865,157.5,76.5999984741211,-5.0,29.7,81.0,0.0
3081,聯亞,個股,電子–通信網路,613.0,567.0,0.765,230.3,14.2,0.38,34.7,58.6,32.9,0.08,1039,27.24,41.82,12.0,3.0,85.84,20260715,500531,37518,617.0,211.5,62.1,54.1,99.0,0.0
3363,上詮,個股,電子–通信網路,457.5,474.0,0.655,6099.2,18.5,6.49,29.1,84.8,59.1,0.0,1223,21.4,27.02,-2.0,0.0,0.0,,458414,43287,457.5,150.0,85.0,48.7,100.0,1.0
3694,海華,個股,電子–通信網路,60.3,93.4,0.01,15.8,2.7,0.54,-23.5,9.8,-15.9,2.45,-4129,8.48,8.85,3.0,2.3,57.07,,354058,21651,104.0,37.75,7.4,-4.8,34.0,0.0
2455,全新,個股,電子–通信網路,151.5,280.1,0.03,57.5,9.02,1.24,-5.9,-6.5,-32.3,2.12,686,28.47,33.42,17.0,2.62,88.23,20260626,353641,28176,167.5,84.30000305175781,-9.2,11.1,81.0,0.0
2314,台揚,個股,電子–通信網路,22.65,24.0,,,6.71,0.2,-5.1,-76.3,-102.0,0.0,-112,1.97,1.97,-7.0,0.0,0.0,,316877,44687,38.70000076293945,7.179999828338623,-45.2,32.9,49.0,0.0
8096,擎亞,個股,電子–電子通路,51.0,76.1,0.103,55.7,2.96,3.41,20.6,35.3,9.6,0.98,-1804,28.77,32.35,2.0,0.5,56.18,,766896,42687,78.9000015258789,34.599998474121094,34.3,2.1,37.0,0.0
8112,至上,個股,電子–電子通路,74.7,414.8,0.042,43.9,2.45,6.92,67.9,34.8,9.1,4.49,-11401,14.94,26.1,17.0,3.8,75.71,20260706,467647,41644,81.0,41.150001525878906,26.0,36.0,84.0,0.0
8070,長華*,個股,電子–電子通路,43.45,315.4,0.034,22.8,1.75,0.47,10.8,1.8,-23.9,6.21,-3063,4.46,13.68,24.0,2.71,265.69,20260617,381812,23698,48.29999923706055,31.049999237060547,-4.4,2.5,72.0,0.0
3036,文曄,個股,電子–電子通路,137.0,1915.7,0.185,16.1,1.86,0.68,-2.5,30.4,4.7,4.38,-9344,19.54,37.04,26.0,7.8,67.14,20260608,298052,26209,158.0,80.69999694824219,24.1,9.8,73.0,0.0
3048,益登,個股,電子–電子通路,41.55,112.1,0.012,34.9,2.44,3.79,3.2,34.9,9.2,0.0,898,1.83,2.25,1.0,1.0,49.75,20260707,297076,26804,46.95000076293945,19.75,35.8,32.0,80.0,0.0
1815,富喬,個股,電子–電子零組件,94.4,548.4,0.758,97.9,4.58,17.01,43.5,257.6,231.8,0.0,51895,18.07,20.81,1.0,0.5,60.98,,3161824,112082,98.80000305175781,22.450000762939453,261.6,86.0,94.0,0.0
2327,國巨*,個股,電子–電子零組件,231.0,4788.2,0.508,23.3,3.04,1.65,35.9,78.1,52.4,8.66,-14973,44.94,48.39,13.0,6.0,52.12,20260612,2279151,97426,598.0,134.5,-57.6,-41.1,21.0,0.0
3037,欣興,個股,電子–電子零組件,220.0,3466.3,0.371,108.5,3.56,0.82,45.2,58.0,32.2,0.68,48828,43.25,50.11,26.0,1.98,45.21,20260706,2034380,94211,227.5,70.4000015258789,53.9,62.3,95.0,0.0
8358,金居,個股,電子–電子零組件,277.0,699.7,0.944,79.5,9.8,1.29,19.4,382.2,356.4,0.54,9744,18.81,44.16,9.0,2.0,47.51,20260717,1883854,94921,279.0,38.54999923706055,376.7,116.7,99.0,0.0
3715,定穎投控,個股,電子–電子零組件,127.5,361.6,0.039,43.2,4.33,24.56,42.6,115.5,89.8,1.18,-14056,15.03,20.05,4.0,1.08,40.0,20260702,1715558,67042,130.5,35.0,109.2,72.9,97.0,0.0
2308,台達電,個股,電子–電子零組件,963.0,25013.9,2.656,50.1,10.39,0.36,12.8,127.7,101.9,0.73,-12370,63.74,68.92,31.0,11.6,50.13,20260617,1417044,80142,1075.0,280.5,127.8,59.4,86.0,0.0
6191,精成科,個股,電子–電子零組件,112.0,559.2,0.059,19.4,2.64,1.42,-6.7,101.4,75.6,2.69,-17812,7.94,10.33,10.0,2.6,39.69,20260709,1269623,61998,146.5,48.70000076293945,87.1,19.6,65.0,0.0
8046,南電,個股,電子–電子零組件,241.0,1557.3,0.165,168.6,3.51,0.69,6.6,86.3,60.6,0.41,-6619,10.86,14.07,12.0,2.0,66.45,20260625,1209031,61816,292.0,76.5999984741211,83.1,41.0,76.0,0.0
2368,金像電,個股,電子–電子零組件,687.0,3507.8,0.376,44.1,10.48,1.02,57.8,190.9,165.2,0.87,-1008,24.87,38.85,6.0,9.8,50.35,20260623,1068885,60669,697.0,142.5,187.2,95.1,98.0,0.0
2313,華通,個股,電子–電子零組件,93.1,1109.6,0.118,18.6,2.5,4.09,26.8,38.3,12.6,2.58,-30295,32.21,36.07,15.0,2.8,50.82,20260602,909698,60309,101.5,44.150001525878906,33.2,32.8,85.0,0.0
4958,臻鼎-KY,個股,電子–電子零組件,142.0,1520.3,0.163,19.0,1.23,0.33,-14.5,23.9,-1.8,3.38,-3731,65.28,74.93,15.0,3.42,49.52,20260608,909450,44422,196.5,85.80000305175781,18.2,10.2,51.0,0.0
2328,廣宇,個股,電子–電子零組件,49.7,257.6,0.027,27.6,1.85,2.57,-8.5,24.5,-1.2,2.21,-7906,8.02,8.63,14.0,0.9,57.69,20260630,733688,52486,62.0,32.5,20.9,9.3,58.0,0.0
2402,毅嘉,個股,電子–電子零組件,63.0,193.7,0.021,25.0,2.9,4.09,21.2,72.1,46.4,3.13,4985,15.15,17.28,8.0,2.0,80.97,20260729,686087,36029,67.0999984741211,28.649999618530273,63.8,40.6,89.0,0.0
6274,台燿,個股,電子–電子零組件,494.0,1426.2,1.97,47.1,7.66,2.94,57.1,204.8,179.1,1.32,11378,27.47,50.41,23.0,7.51,61.88,20260416,669100,48618,502.0,117.0,186.8,91.3,98.0,0.0
2383,台光電,個股,電子–電子零組件,1645.0,5894.0,0.626,43.5,13.27,0.68,34.3,169.7,143.9,1.01,-722,43.91,57.07,20.0,25.0,60.0,,639128,54002,1690.0,407.0,172.4,69.9,96.0,0.0
6282,康舒,個股,電子–電子零組件,42.3,362.1,0.039,,1.6,7.27,38.9,42.2,16.5,1.18,-29794,8.76,10.18,19.0,0.8,444.44,,630814,50748,46.849998474121094,22.149999618530273,39.2,35.4,82.0,0.0
2367,燿華,個股,電子–電子零組件,27.2,192.1,0.02,21.2,1.58,1.14,1.9,-15.4,-41.2,2.59,-29313,6.83,8.05,2.0,0.2,29.41,,587731,41873,33.25,19.799999237060547,-17.6,1.4,55.0,0.0
6290,良維,個股,電子–電子零組件,180.5,304.0,0.42,23.0,3.8,1.09,47.3,157.2,131.4,2.77,-4696,15.1,15.93,18.0,6.2,71.02,20260723,581560,34361,198.5,61.29999923706055,145.7,58.4,87.0,0.0
6213,聯茂,個股,電子–電子零組件,113.5,412.2,0.044,31.7,2.09,0.82,7.1,47.2,21.5,1.59,4630,9.93,10.91,24.0,3.0,72.09,20260702,569895,37689,137.0,48.150001525878906,44.2,24.0,74.0,0.0
5309,系統電,個股,電子–電子零組件,68.0,138.2,0.191,340.2,3.59,3.89,1.8,66.7,41.0,1.03,9734,15.04,15.99,3.0,0.5,184.78,20260603,547077,42485,74.80000305175781,29.0,62.0,40.5,85.0,0.0
3645,達邁,個股,電子–電子零組件,51.9,71.0,0.008,47.0,2.21,0.52,-24.7,6.9,-18.8,2.3,-768,8.9,9.21,16.0,1.2,77.92,20260714,530427,37286,85.0999984741211,42.5,4.8,-16.9,22.0,0.0
5439,高技,個股,電子–電子零組件,317.0,294.8,0.398,30.1,8.27,5.97,-0.9,185.6,159.8,0.69,-11552,19.79,28.6,24.0,7.2,52.4,20260722,526436,39505,373.0,102.0,190.9,36.1,79.0,0.0
6805,富世達,個股,電子–電子零組件,1625.0,1114.8,0.118,62.4,18.01,2.89,63.2,102.2,76.4,0.49,259,16.24,36.72,6.0,12.5,40.32,,498680,28914,1625.0,375.5,103.9,74.5,100.0,0.0
5498,凱崴,個股,電子–電子零組件,50.4,97.4,0.135,,4.63,5.41,176.2,349.6,323.9,0.3,10612,8.23,8.57,2.0,0.25,,,479969,37894,54.099998474121094,7.289999961853027,344.5,198.7,92.0,0.0
2492,華新科,個股,電子–電子零組件,117.0,568.4,0.06,24.2,1.2,0.78,12.0,30.4,4.7,2.06,-3666,9.03,12.65,12.0,2.5,52.81,20260709,401199,39293,138.0,66.5,26.8,24.8,71.0,0.0
2421,建準,個股,電子–電子零組件,160.5,438.8,0.047,22.2,5.41,0.86,26.9,70.5,44.8,2.31,-5407,39.74,41.49,25.0,5.24,66.0,20260610,388356,31991,189.5,66.5,65.9,35.3,76.0,0.0
6197,佳必琪,個股,電子–電子零組件,139.0,169.7,0.018,17.3,3.89,1.07,-13.9,-0.8,-26.5,5.04,-955,7.11,9.0,14.0,6.92,79.85,20260702,383712,23064,180.5,102.5,-5.1,-4.0,47.0,0.0
3706,神達,個股,電子–電腦及週邊設備,86.4,1146.7,0.122,19.4,1.68,1.78,-1.5,35.4,9.7,1.16,-21764,8.02,11.53,24.0,3.0,77.67,,4109279,116615,107.0,42.95000076293945,21.9,15.6,68.0,0.0
3231,緯創,個股,電子–電腦及週邊設備,150.5,4786.5,0.508,19.5,2.97,1.67,7.1,49.7,23.9,2.52,-7211,31.38,52.63,21.0,5.5,60.85,20260708,2969529,128999,156.0,74.69999694824219,45.2,25.3,93.0,0.0
2382,廣達,個股,電子–電腦及週邊設備,272.0,10506.3,1.116,15.3,4.92,0.63,-6.2,-0.7,-26.4,4.78,-60265,21.59,32.91,26.0,15.6,80.21,,1806069,96032,309.5,178.5,-5.3,1.1,71.0,0.0
3017,奇鋐,個股,電子–電腦及週邊設備,1510.0,5899.6,0.632,39.6,16.17,0.86,53.9,144.5,118.8,0.66,6602,50.15,62.73,19.0,21.0,42.71,,1576616,67568,1550.0,340.5,144.2,73.6,97.0,0.0
3013,晟銘電,個股,電子–電腦及週邊設備,130.5,267.7,0.028,33.5,5.63,1.58,10.6,-7.3,-33.1,0.46,2759,6.92,9.41,4.0,0.4,19.85,20260714,863061,52322,158.0,76.5,-7.9,6.4,66.0,0.0
4931,新盛力,個股,電子–電腦及週邊設備,180.0,118.1,0.163,77.9,9.58,1.24,13.9,156.3,130.5,1.11,3794,23.78,30.37,4.0,2.5,79.87,20260702,833302,55047,189.5,62.099998474121094,156.9,58.9,93.0,0.0
2301,光寶科,個股,電子–電腦及週邊設備,163.5,3788.0,0.402,26.5,4.53,0.62,-5.2,70.9,45.1,2.76,7619,32.58,55.35,26.0,5.0,75.3,20260319,793459,64969,195.0,71.5999984741211,63.7,28.8,74.0,0.0
2324,仁寶,個股,電子–電腦及週邊設備,30.4,1339.8,0.142,20.4,1.05,0.32,-6.2,-16.0,-41.8,4.61,27133,34.64,62.26,28.0,1.1,79.71,20260327,744477,61368,39.650001525878906,23.700000762939453,-20.1,-2.5,42.0,0.0
2352,佳世達,個股,電子–電腦及週邊設備,23.5,371.4,0.039,29.0,1.47,0.28,-32.0,-36.4,-62.1,4.72,-29987,10.51,12.47,12.0,1.0,156.25,,740169,42778,37.099998474121094,21.549999237060547,-30.1,-19.1,13.0,0.0
2356,英業達,個股,電子–電腦及週邊設備,42.9,1539.0,0.163,17.1,2.19,0.47,-6.2,-10.9,-36.7,3.96,-1847,12.84,33.79,26.0,2.0,82.64,20260715,683666,51909,52.599998474121094,33.900001525878906,-14.2,-1.8,48.0,0.0
2353,宏碁,個股,電子–電腦及週邊設備,26.4,804.6,0.085,19.4,1.1,1.9,-14.7,-30.3,-56.0,6.44,-127048,12.32,27.28,11.0,1.3,103.17,20260617,633763,41811,40.95000076293945,25.200000762939453,-32.6,-18.9,8.0,0.0
6669,緯穎,個股,電子–電腦及週邊設備,4485.0,8333.1,0.885,18.8,7.71,0.57,35.3,76.3,50.6,1.65,-589,32.52,38.82,9.0,144.39,59.77,20260622,627452,47267,4720.0,1570.0,73.2,55.8,93.0,0.0
2376,技嘉,個股,電子–電腦及週邊設備,249.5,1671.4,0.177,13.8,3.01,1.36,-16.6,-5.1,-30.8,4.01,-7472,15.83,41.41,27.0,12.0,65.93,20260803,466995,41107,311.5,181.0,-8.6,-5.5,52.0,0.0
3211,順達,個股,電子–電腦及週邊設備,337.0,520.0,0.718,45.7,5.21,3.02,-9.7,71.6,45.8,3.71,6973,20.94,43.84,22.0,11.47,126.69,20260702,459774,39819,406.0,128.0,59.7,37.0,75.0,0.0
1504,東元,個股,電機機械,84.0,1996.2,0.212,37.1,2.28,0.37,-11.7,67.9,42.2,2.62,-15803,14.05,17.01,21.0,2.0,82.64,20260617,1422727,80516,119.5,44.54999923706055,59.3,25.2,53.0,0.0
2371,大同,個股,電機機械,31.55,678.6,0.072,7.4,1.17,0.52,-18.6,-31.3,-57.0,9.84,-846,10.85,14.32,-1.0,0.0,0.0,,846200,55545,47.04999923706055,30.200000762939453,-35.0,-19.5,8.0,0.0
1519,華城,個股,電機機械,765.0,2416.6,0.257,56.1,27.58,0.62,31.7,51.5,25.8,1.18,639,20.01,22.82,21.0,11.0,85.78,,790250,56519,807.0,321.5,37.3,31.2,91.0,0.0
6125,廣運,個股,電機機械,72.1,186.7,0.252,544.6,4.27,1.22,-1.5,-19.1,-44.9,0.97,-4849,9.9,10.89,13.0,0.5,500.0,,588105,32018,98.0,50.5,-20.2,-1.1,45.0,0.0
3167,大量,個股,電機機械,244.0,215.7,0.023,39.1,7.01,8.77,36.7,128.1,102.3,0.41,9041,12.4,22.77,22.0,3.91,48.15,20260709,546642,42695,244.0,59.400001525878906,132.7,70.3,100.0,1.0
1513,中興電,個股,電機機械,149.5,752.1,0.08,19.7,3.83,0.31,-3.9,-0.2,-25.9,3.08,5622,15.03,18.98,24.0,6.0,74.35,20260709,529376,44683,171.5,106.5,-2.8,-1.8,66.0,0.0
2049,上銀,個股,電機機械,194.0,686.4,0.073,49.2,1.86,0.21,-10.0,-40.3,-66.1,1.24,-72,24.94,28.63,24.0,2.0,46.4,20260708,452247,40221,363.5,179.0,-43.3,-16.0,8.0,0.0
8996,高力,個股,電機機械,580.0,536.5,0.057,88.6,14.22,4.38,75.5,85.8,60.0,0.69,-2265,29.88,39.35,16.0,4.56,50.22,20260327,403322,33838,662.0,171.0,84.6,68.8,83.0,0.0
1514,亞力,個股,電機機械,99.5,271.7,0.029,33.2,4.53,0.38,-2.9,2.6,-23.1,1.71,2247,13.53,13.73,17.0,2.0,66.67,,369634,33827,118.5,77.4000015258789,-1.0,-3.7,54.0,0.0
1503,士電,個股,電機機械,170.0,885.7,0.094,27.0,2.44,0.15,-6.6,-9.2,-35.0,2.65,1027,30.4,31.58,31.0,5.0,79.74,20260723,349036,36262,206.0,113.5,-11.6,-2.9,61.0,0.0
4510,高鋒,個股,電機機械,39.3,42.8,0.058,,2.33,0.58,-13.4,-18.1,-43.8,2.02,-1237,4.67,7.17,-1.0,0.0,0.0,,320104,26565,61.900001525878906,34.650001525878906,-19.6,-15.3,17.0,0.0
3162,精確,個股,電機機械,58.0,77.4,0.107,24.3,2.61,1.11,8.6,50.8,25.1,0.86,966,46.83,47.51,2.0,0.87,50.89,20260709,307011,22770,68.5999984741211,37.400001525878906,50.3,14.9,66.0,0.0
1560,中砂,個股,電機機械,396.5,584.0,0.063,52.2,7.17,3.81,18.2,39.9,14.2,1.01,14702,27.4,33.83,22.0,4.94,53.25,20260716,306980,26985,399.0,165.0,39.0,32.1,99.0,0.0
1229,聯華,個股,食品工業,47.55,854.0,0.091,18.7,1.5,0.05,-2.4,1.2,-24.6,2.73,1667,9.74,10.05,30.0,1.8,77.87,20260708,144151,12857,53.29999923706055,41.650001525878906,-6.2,-0.3,51.0,0.0
1210,大成,個股,食品工業,50.9,455.5,0.048,13.8,1.84,0.12,-1.7,3.6,-22.1,5.56,-7271,9.99,13.92,25.0,3.0,69.28,20260807,138858,21624,66.19999694824219,50.599998474121094,-1.2,-9.7,2.0,0.0
1216,統一,個股,食品工業,77.1,4380.8,0.465,22.1,3.43,0.14,-1.7,-1.1,-26.8,3.89,32511,33.23,47.48,28.0,3.0,86.96,20260730,134708,18005,87.0,74.5,-4.7,-2.6,21.0,0.0
1231,聯華食,個股,食品工業,97.6,291.3,0.031,27.0,4.31,0.07,-24.0,-21.6,-47.4,1.64,-345,2.85,2.93,29.0,1.5,65.62,,103944,12130,178.0,93.19999694824219,-28.9,-25.2,5.0,0.0
